id;employe_code;first_name;last_name;job_title;department_id
1;schnitzel;Kenneth;Kub;Principal Accounts Coordinator;1
2;incidentally fussy behind;Abigayle;Zboncak;Internal Implementation Associate;2
3;of youthfully physical;Forrest;Goodwin;Corporate Identity Representative;3
4;however;Silas;Turcotte;Regional Assurance Planner;4
5;refer ick zowie;Ryley;Wehner;Senior Response Orchestrator;5
6;how;Jessy;Senger;Regional Marketing Specialist;6
7;apropos psst;Tyler;Homenick;National Brand Assistant;7
8;old oddly close;Rebekah;Runolfsdottir;National Paradigm Associate;8
9;resource gah;Lysanne;Kuhn;District Accounts Producer;9
10;fuel mmm substitution;Lukas;Stroman;Chief Branding Producer;10
