id;name;description;price;product_size;image;image_content_type
1;than during gah;oddly;30071.29;PASSENGER;../fake-data/blob/hipster.png;image/png
2;severe legging;who yuck;8198.94;PARCEL_XXL;../fake-data/blob/hipster.png;image/png
3;solemnly until;dismal;4116.94;PARCEL_L;../fake-data/blob/hipster.png;image/png
4;severe than gum;grown;17661.52;PARCEL_XL;../fake-data/blob/hipster.png;image/png
5;violently terribly;except;9778.41;PARCEL_M;../fake-data/blob/hipster.png;image/png
6;merrily clavicle;meh rebuff slather;12079.19;PARCEL_XL;../fake-data/blob/hipster.png;image/png
7;except;bracelet;11190.06;PASSENGER;../fake-data/blob/hipster.png;image/png
8;reckon overcooked hidden;bah valley truly;27887.25;PASSENGER_KID;../fake-data/blob/hipster.png;image/png
9;toe restructure;minus;3195.73;PASSENGER;../fake-data/blob/hipster.png;image/png
10;gloomy guide typify;store hypothesize;3999.19;PASSENGER;../fake-data/blob/hipster.png;image/png
